run,false_alert_before,ia_delay_s,diagnosis,diagnosis_delay_s,critical_level_delay_s,firmware_delay_s,critical_reached_s,lead_vs_critical_s,flagged_after_onset
0,0,56,fuite_lente,56,,,540,484,0.979
1,0,54,fuite_lente,54,,,532,478,0.979
2,0,72,fuite_lente,72,,,690,618,0.97
3,0,54,fuite_lente,54,,,489,435,0.978
4,0,80,fuite_lente,80,,,839,759,0.965
5,0,35,fuite_lente,35,,,505,470,0.987
6,0,94,fuite_lente,94,,,895,801,0.959
7,0,46,fuite_lente,46,,,498,452,0.982
8,0,103,fuite_lente,103,,,1017,914,0.957
9,0,62,fuite_lente,62,,,751,689,0.977
10,0,39,fuite_lente,49,,,530,491,0.988
11,0,48,fuite_lente,48,,,466,418,0.981
12,0,60,fuite_lente,60,,,604,544,0.975
13,0,63,fuite_lente,63,,,553,490,0.974
14,0,93,fuite_lente,93,,,1399,1306,0.965
15,0,57,fuite_lente,57,,,668,611,0.978
16,0,90,fuite_lente,90,,,1002,912,0.961
17,0,49,fuite_lente,49,,,450,401,0.983
18,0,64,fuite_lente,64,,,598,534,0.974
19,0,95,fuite_lente,95,,,1125,1030,0.962
