gas,humidity,rssi,temperature
273,47.8,-76,26.0
275,47.5,-75,26.0
273,47.5,-76,26.0
273,47.3,-77,26.0
273,47.3,-76,26.0
273,47.1,-77,26.0
273,47.1,-78,26.0
273,46.9,-77,26.1
273,46.9,-77,26.1
273,46.8,-78,26.0
272,46.8,-79,26.0
272,46.5,-78,26.1
272,46.5,-77,26.1
272,46.3,-75,26.1
272,46.3,-75,26.1
273,46.2,-77,26.1
280,46.2,-74,26.1
433,46.3,-74,26.1
739,46.3,-74,26.1
790,46.3,-74,26.1
832,46.3,-75,26.1
814,46.4,-73,26.1
818,46.4,-72,26.1
864,46.2,-73,26.1
810,46.2,-69,26.1
730,46.0,-72,26.1
891,46.0,-75,26.1
762,45.9,-74,26.1
648,45.9,-74,26.1
568,47.3,-75,26.1
520,47.3,-73,26.1
495,49.8,-74,26.2
481,49.8,-73,26.2
467,53.0,-73,26.6
462,53.0,-72,26.6
453,56.0,-73,26.9
438,56.0,-74,26.9
430,58.5,-73,27.3
421,58.5,-75,27.3
412,60.0,-81,27.7
411,60.0,-78,27.7
408,60.6,-78,28.0
407,60.6,-75,28.0
403,61.2,-75,28.3
400,61.2,-72,28.3
393,61.5,-72,28.5
388,61.5,-70,28.5
384,61.7,-71,28.8
386,61.7,-73,28.8
383,61.5,-72,29.0
381,61.5,-72,29.0
379,60.7,-75,29.2
381,60.7,-70,29.2
379,60.3,-70,29.4
375,60.3,-74,29.4
371,59.7,-78,29.5
370,59.7,-73,29.5
368,59.6,-77,29.7
366,59.6,-72,29.7
365,59.2,-75,29.9
365,59.2,-74,29.9
364,58.2,-75,30.0
364,58.2,-75,30.0
366,57.2,-73,30.1
363,57.2,-73,30.1
360,56.6,-73,30.3
356,56.6,-75,30.3
354,56.5,-74,30.4
349,56.5,-76,30.4
345,56.3,-75,30.5
345,56.3,-70,30.5
342,56.3,-69,30.6
341,56.3,-71,30.6
344,56.4,-77,30.7
343,56.4,-76,30.7
341,56.3,-76,30.8
339,56.3,-74,30.8
339,56.4,-74,30.8
334,56.4,-73,30.8
332,55.8,-73,30.9
329,55.8,-75,30.9
326,54.1,-74,31.0
323,54.1,-75,31.0
321,52.2,-75,31.0
323,52.2,-75,31.0
324,50.5,-75,31.1
326,50.5,-75,31.1
327,49.8,-75,31.2
327,49.8,-77,31.2
326,49.6,-76,31.2
328,49.6,-76,31.2
327,49.5,-76,31.3
328,49.5,-76,31.3
329,49.1,-77,31.3
331,49.1,-82,31.3
333,48.7,-81,31.4
334,48.7,-81,31.4
333,48.4,-78,31.4
333,48.4,-77,31.4
334,48.3,-77,31.5
337,48.3,-76,31.5
337,48.4,-76,31.5
333,48.4,-75,31.5
336,48.6,-78,31.5
344,48.6,-73,31.5
342,48.6,-72,31.6
343,48.6,-71,31.6
345,47.1,-74,31.6
343,47.1,-72,31.6
342,45.5,-72,31.6
341,45.5,-72,31.6
341,44.1,-76,31.6
340,44.1,-73,31.6
342,42.9,-73,31.6
342,42.9,-73,31.6
343,42.2,-69,31.6
342,42.2,-69,31.6
342,42.0,-69,31.5
342,42.0,-72,31.5
342,41.8,-71,31.5
342,41.8,-71,31.5
343,41.4,-72,31.4
342,41.4,-71,31.4
342,41.4,-70,31.4
340,41.4,-74,31.4
339,41.7,-71,31.3
337,41.7,-71,31.3
337,41.4,-71,31.2
334,41.4,-74,31.2
331,40.7,-73,31.2
361,40.7,-73,31.2
623,40.0,-74,31.1
888,40.0,-75,31.1
1001,40.1,-75,31.1
1020,40.1,-75,31.1
1023,40.6,-77,31.0
871,40.6,-76,31.0
742,40.9,-76,31.0
642,40.9,-77,31.0
569,40.8,-77,30.9
517,40.8,-76,30.9
483,40.9,-78,30.8
464,40.9,-78,30.8
450,42.4,-78,30.8
439,42.4,-79,30.8
427,44.7,-79,30.7
417,44.7,-81,30.7
416,46.9,-80,30.6
413,46.9,-80,30.6
412,48.8,-78,30.5
406,48.8,-76,30.5
399,50.0,-73,30.4
393,50.0,-76,30.4
392,49.8,-75,30.3
387,49.8,-74,30.3
382,49.7,-74,30.3
374,49.7,-75,30.3
367,50.2,-74,30.2
363,50.2,-78,30.2
359,50.9,-75,30.2
355,50.9,-74,30.2
353,50.7,-74,30.1
353,50.7,-74,30.1
351,51.1,-79,30.1
350,51.1,-78,30.1
352,51.9,-79,30.0
353,51.9,-78,30.0
354,51.9,-79,30.0
352,51.9,-79,30.0
346,52.5,-77,30.0
344,52.5,-78,30.0
344,53.6,-80,30.0
340,53.6,-74,30.0
338,54.4,-74,30.0
334,54.4,-75,30.0
334,55.6,-76,30.0
331,55.6,-77,30.0
332,56.5,-78,30.0
329,56.5,-78,30.0
330,57.2,-78,30.0
330,57.2,-78,30.0
330,56.9,-77,30.0
329,56.9,-77,30.0
328,55.2,-77,30.0
326,55.2,-75,30.0
325,53.7,-75,30.0
325,53.7,-75,30.0
323,52.5,-75,29.9
321,52.5,-75,29.9
321,51.8,-75,29.9
321,51.8,-75,29.9
323,51.8,-77,29.9
325,51.8,-76,29.9
325,52.4,-74,29.9
326,52.4,-75,29.9
325,53.3,-75,29.9
325,53.3,-74,29.9
324,54.0,-76,29.9
323,54.0,-76,29.9
321,54.4,-75,29.9
321,54.4,-76,29.9
321,54.2,-74,29.9
319,54.2,-74,29.9
345,53.4,-75,29.9
324,53.4,-76,29.9
318,52.9,-75,29.9
315,52.9,-75,29.9
313,51.8,-77,29.9
310,51.8,-75,29.9
310,49.9,-75,29.8
309,49.9,-77,29.8
308,48.3,-79,29.8
308,48.3,-74,29.8
307,46.8,-74,29.8
307,46.8,-74,29.8
306,45.4,-75,29.7
306,45.4,-75,29.7
306,44.3,-76,29.7
305,44.3,-76,29.7
303,43.5,-76,29.7
303,43.5,-77,29.7
302,43.0,-77,29.6
302,43.0,-77,29.6
302,42.6,-77,29.6
301,42.6,-76,29.6
301,42.4,-75,29.5
301,42.4,-75,29.5
301,42.2,-75,29.5
300,42.2,-75,29.5
300,42.0,-75,29.5
300,42.0,-74,29.5
299,41.9,-74,29.4
299,41.9,-74,29.4
298,41.8,-75,29.4
297,41.8,-75,29.4
297,41.7,-75,29.3
297,41.7,-76,29.3
297,41.7,-76,29.3
297,41.7,-76,29.3
296,41.6,-76,29.2
296,41.6,-76,29.2
296,41.5,-77,29.2
296,41.5,-77,29.2
296,41.5,-75,29.2
295,41.5,-75,29.2
296,41.5,-75,29.1
295,41.5,-75,29.1
296,41.5,-77,29.1
294,41.5,-77,29.1
294,41.5,-77,29.0
293,41.5,-77,29.0
294,41.5,-76,29.0
293,41.5,-76,29.0
293,41.5,-76,29.0
292,41.5,-75,29.0
293,41.6,-75,28.9
292,41.6,-74,28.9
292,41.6,-77,28.9
292,41.6,-74,28.9
291,41.6,-74,28.9
291,41.6,-72,28.9
292,41.6,-78,28.9
291,41.6,-73,28.9
291,41.6,-76,28.8
291,41.6,-75,28.8
291,41.7,-78,28.8
291,41.7,-77,28.8
290,41.8,-78,28.7
290,41.8,-76,28.7
290,41.8,-76,28.7
290,41.8,-75,28.7
291,41.9,-75,28.7
290,41.9,-75,28.7
290,41.9,-73,28.6
290,41.9,-76,28.6
290,42.0,-76,28.6
290,42.0,-74,28.6
290,42.2,-74,28.6
387,42.2,-74,28.6
743,42.2,-74,28.5
720,42.2,-74,28.5
649,42.2,-74,28.5
610,42.2,-75,28.5
681,42.3,-74,28.5
701,42.3,-74,28.5
741,42.4,-74,28.5
703,42.4,-76,28.5
615,42.5,-74,28.5
537,42.5,-73,28.5
526,42.6,-73,28.4
534,42.6,-74,28.4
522,42.6,-78,28.4
515,42.6,-76,28.4
501,42.7,-76,28.4
477,42.7,-72,28.4
441,42.7,-72,28.3
415,42.7,-72,28.3
398,43.0,-73,28.3
385,43.0,-75,28.3
377,43.5,-76,28.3
369,43.5,-74,28.3
367,44.0,-75,28.3
365,44.0,-74,28.3
365,43.9,-75,28.3
357,43.9,-76,28.3
351,43.8,-75,28.2
344,43.8,-72,28.2
340,43.7,-77,28.2
334,43.7,-81,28.2
331,43.7,-82,28.2
328,43.7,-80,28.2
327,43.7,-80,28.1
324,43.7,-81,28.1
322,43.6,-81,28.1
319,43.6,-74,28.1
324,43.7,-77,28.1
322,43.7,-81,28.1
321,43.7,-79,28.1
320,43.7,-82,28.1
319,43.7,-81,28.1
318,43.7,-76,28.1
317,43.7,-78,28.1
316,43.7,-73,28.1
316,43.7,-78,28.0
315,43.7,-75,28.0
314,43.7,-76,28.0
313,43.7,-75,28.0
311,43.9,-74,28.0
310,43.9,-75,28.0
311,43.9,-75,28.0
310,43.9,-78,28.0
309,44.0,-78,28.0
309,44.0,-77,28.0
310,44.0,-71,27.9
309,44.0,-75,27.9
310,44.2,-71,27.9
311,44.2,-74,27.9
311,44.6,-74,27.9
309,44.6,-74,27.9
309,45.1,-73,27.9
311,45.1,-71,27.9
317,45.5,-72,27.9
313,45.5,-72,27.9
311,45.5,-73,27.8
309,45.5,-72,27.8
309,45.4,-71,27.8
308,45.4,-69,27.8
309,45.3,-71,27.8
307,45.3,-73,27.8
306,45.1,-72,27.8
306,45.1,-72,27.8
305,45.0,-71,27.8
305,45.0,-71,27.8
305,45.0,-71,27.8
305,45.0,-73,27.8
304,45.0,-71,27.7
303,45.0,-71,27.7
302,45.0,-74,27.7
302,45.0,-74,27.7
301,45.0,-74,27.7
301,45.0,-74,27.7
302,45.1,-73,27.7
300,45.1,-73,27.7
300,45.1,-73,27.7
300,45.1,-73,27.7
299,45.2,-73,27.6
299,45.2,-72,27.6
299,45.2,-72,27.6
299,45.2,-73,27.6
299,45.2,-73,27.6
304,45.2,-72,27.6
306,45.4,-73,27.5
305,45.4,-76,27.5
305,45.6,-77,27.5
305,45.6,-72,27.5
305,45.8,-73,27.5
303,45.8,-74,27.5
303,45.9,-74,27.5
303,45.9,-75,27.5
303,45.9,-75,27.5
302,45.9,-73,27.5
302,45.8,-73,27.5
301,45.8,-72,27.5
300,45.9,-73,27.5
300,45.9,-74,27.5
299,45.9,-73,27.5
299,45.9,-72,27.5
298,45.9,-72,27.5
297,45.9,-72,27.5
297,45.9,-73,27.5
296,45.9,-73,27.5
296,46.0,-73,27.5
296,46.0,-73,27.5
296,45.9,-73,27.4
295,45.9,-71,27.4
295,45.9,-72,27.4
295,45.9,-71,27.4
296,45.9,-71,27.4
295,45.9,-71,27.4
295,45.9,-72,27.4
294,45.9,-72,27.4
294,45.9,-72,27.4
293,45.9,-72,27.4
293,45.9,-72,27.4
293,45.9,-72,27.4
293,45.9,-74,27.3
293,45.9,-73,27.3
292,45.9,-72,27.3
292,45.9,-74,27.3
292,45.9,-74,27.3
292,45.9,-71,27.3
292,45.9,-73,27.3
292,45.9,-73,27.3
292,46.0,-73,27.3
291,46.0,-72,27.3
291,46.0,-72,27.3
291,46.0,-71,27.3
293,46.0,-75,27.3
300,46.0,-75,27.3
308,47.2,-74,27.3
311,47.2,-65,27.3
306,56.6,-73,27.3
302,56.6,-74,27.3
301,64.6,-75,27.3
298,64.6,-77,27.3
297,69.8,-78,27.3
308,69.8,-74,27.3
295,73.5,-73,27.3
292,73.5,-73,27.3
290,76.5,-73,27.3
288,76.5,-75,27.3
286,78.6,-75,27.4
288,78.6,-77,27.4
288,79.7,-80,27.5
286,79.7,-80,27.5
284,80.5,-80,27.5
283,80.5,-80,27.5
283,81.2,-80,27.6
282,81.2,-78,27.6
282,81.5,-81,27.6
282,81.5,-79,27.6
282,81.1,-81,27.7
282,81.1,-77,27.7
281,77.8,-78,27.7
281,77.8,-77,27.7
281,72.7,-77,27.7
280,72.7,-78,27.7
280,68.2,-78,27.7
454,68.2,-76,27.7
665,64.5,-76,27.7
885,64.5,-76,27.7
1000,61.8,-75,27.7
1017,61.8,-74,27.7
874,59.6,-74,27.7
962,59.6,-74,27.7
1003,57.5,-75,27.7
858,57.5,-75,27.7
740,55.7,-77,27.7
650,55.7,-78,27.7
585,54.3,-78,27.7
544,54.3,-78,27.7
527,53.4,-78,27.7
525,53.4,-78,27.7
515,52.7,-78,27.7
508,52.7,-76,27.7
491,52.1,-79,27.7
470,52.1,-72,27.7
449,51.7,-79,27.7
433,51.7,-72,27.7
419,51.4,-70,27.7
422,51.4,-70,27.7
425,50.9,-69,27.7
419,50.9,-68,27.7
414,50.5,-68,27.7
414,50.5,-74,27.7
412,50.1,-78,27.7
404,50.1,-84,27.7
395,49.8,-79,27.7
388,49.8,-77,27.7
382,49.5,-75,27.7
378,49.5,-76,27.7
378,49.2,-76,27.7
376,49.2,-79,27.7
376,49.0,-78,27.7
375,49.0,-78,27.7
374,48.8,-77,27.7
369,48.8,-75,27.7
364,48.7,-75,27.7
360,48.7,-75,27.7
356,48.5,-75,27.7
353,48.5,-75,27.7
350,48.4,-76,27.6
348,48.4,-75,27.6
346,48.3,-75,27.7
344,48.3,-76,27.7
343,48.2,-76,27.6
342,48.2,-76,27.6
340,48.2,-76,27.6
339,48.2,-76,27.6
339,48.1,-76,27.6
338,48.1,-76,27.6
337,48.1,-76,27.5
336,48.1,-76,27.5
335,48.1,-76,27.5
334,48.1,-76,27.5
333,48.0,-76,27.5
332,48.0,-76,27.5
330,48.0,-76,27.5
330,48.0,-76,27.5
329,48.0,-76,27.5
329,48.0,-76,27.5
329,47.9,-76,27.5
328,47.9,-76,27.5
328,47.9,-76,27.5
328,47.9,-76,27.5
328,47.9,-76,27.5
327,47.9,-77,27.5
327,47.8,-75,27.5
326,47.8,-74,27.5
326,47.8,-74,27.5
326,47.8,-74,27.5
325,47.8,-74,27.5
325,47.8,-74,27.5
324,47.7,-74,27.5
323,47.7,-74,27.5
321,47.7,-74,27.4
321,47.7,-73,27.4
320,47.7,-73,27.4
320,47.7,-74,27.4
319,47.7,-74,27.4
319,47.7,-74,27.4
319,47.8,-74,27.4
318,47.8,-74,27.4
318,47.8,-74,27.4
317,47.8,-74,27.4
317,47.8,-74,27.4
316,47.8,-75,27.4
316,47.8,-74,27.3
315,47.8,-75,27.3
315,47.8,-76,27.3
315,47.8,-76,27.3
314,47.8,-76,27.3
314,47.8,-76,27.3
314,47.8,-75,27.3
313,47.8,-75,27.3
313,47.9,-75,27.3
312,47.9,-75,27.3
312,47.9,-75,27.3
310,47.9,-75,27.3
311,47.9,-75,27.3
310,47.9,-75,27.3
310,47.9,-75,27.3
309,47.9,-76,27.3
309,47.9,-80,27.2
309,47.9,-75,27.2
309,48.0,-76,27.2
308,48.0,-73,27.2
308,48.0,-75,27.2
308,48.0,-75,27.2
308,48.0,-75,27.2
308,48.0,-75,27.2
307,48.0,-75,27.2
307,48.0,-74,27.2
307,48.0,-74,27.2
307,48.0,-74,27.2
307,48.1,-74,27.2
306,48.1,-74,27.2
306,48.1,-74,27.1
306,48.1,-74,27.1
306,48.2,-74,27.1
305,48.2,-74,27.1
305,48.2,-74,27.1
305,48.2,-75,27.1
305,48.2,-75,27.1
304,48.2,-74,27.1
305,48.2,-74,27.1
304,48.2,-74,27.1
304,48.2,-74,27.1
303,48.2,-73,27.1
303,48.2,-73,27.1
303,48.2,-73,27.1
302,48.2,-74,27.1
302,48.2,-74,27.1
302,48.2,-74,27.0
302,48.2,-73,27.0
301,48.3,-73,27.0
301,48.3,-73,27.0
301,48.3,-73,27.0
301,48.3,-73,27.0
301,48.3,-71,27.0
301,48.3,-71,27.0
300,48.4,-72,27.0
300,48.4,-72,27.0
300,48.4,-72,27.0
300,48.4,-73,27.0
300,48.4,-74,27.0
300,48.4,-74,27.0
299,48.5,-75,27.0
298,48.5,-76,27.0
298,48.5,-76,27.0
298,48.5,-75,27.0
297,48.5,-75,26.9
297,48.5,-75,26.9
297,48.5,-75,26.9
297,48.5,-75,26.9
297,48.6,-75,26.9
297,48.6,-75,26.9
296,48.6,-75,26.9
296,48.6,-75,26.9
296,48.6,-75,26.9
296,48.6,-74,26.9
296,48.6,-74,26.9
296,48.6,-73,26.9
296,48.6,-76,26.9
296,48.6,-76,26.9
296,48.7,-79,26.8
296,48.7,-77,26.8
296,48.7,-77,26.9
296,48.7,-78,26.9
298,48.8,-80,26.8
301,48.8,-79,26.8
304,48.9,-76,26.8
304,48.9,-78,26.8
305,49.4,-78,26.8
306,49.4,-83,26.8
306,49.7,-78,26.8
306,49.7,-76,26.8
305,50.1,-79,26.8
305,50.1,-79,26.8
303,50.6,-78,26.8
302,50.6,-76,26.8
302,51.3,-76,26.8
301,51.3,-76,26.8
